{"cameraMode":{"drawMode":0,"name":"Shaded","section":"Shading Mode"},"sceneLighting":false,"audioPlay":false,"sceneViewState":{"showFog":true,"showMaterialUpdate":false,"showSkybox":true,"showFlares":true,"showImageEffects":true,"showParticleSystems":true},"in2DMode":false,"pivot":{"x":11.161687850952149,"y":1.0804989337921143,"z":18.756183624267579},"rotation":{"x":0.6349791884422302,"y":0.027547700330615045,"z":-0.02266581356525421,"w":0.7717052102088928},"size":6.973702430725098,"orthographic":false}