{"cameraMode":{"drawMode":0,"name":"Shaded","section":"Shading Mode"},"sceneLighting":false,"audioPlay":false,"sceneViewState":{"showFog":true,"showMaterialUpdate":false,"showSkybox":true,"showFlares":true,"showImageEffects":true,"showParticleSystems":true},"in2DMode":false,"pivot":{"x":-8.797500610351563,"y":0.6746911406517029,"z":-0.019999980926513673},"rotation":{"x":0.4258281886577606,"y":-0.06234966591000557,"z":0.029428599402308465,"w":0.9021734595298767},"size":5.523295879364014,"orthographic":false}