{"cameraMode":{"drawMode":0,"name":"Shaded","section":"Shading Mode"},"sceneLighting":false,"audioPlay":false,"sceneViewState":{"showFog":true,"showMaterialUpdate":false,"showSkybox":true,"showFlares":true,"showImageEffects":true,"showParticleSystems":true},"in2DMode":false,"pivot":{"x":9.3100004196167,"y":1.0,"z":2.700000047683716},"rotation":{"x":-0.0011608708882704378,"y":0.9986552000045776,"z":0.04497237876057625,"w":0.02576824277639389},"size":2.3566715717315676,"orthographic":false}